{
	"students": [{
			"student_id": "1503011365",
			"student_name": "SOHAN BHARGAV KEESARA",
			"birth_date": "03/05/1993",
			"major": "MSCS",
			"degree": "Data Science",
			"admission_date": "08/2015",
			"graduated_date": "12/31/2017",
			"courses": [{
					"trimester": "2015 Fall Trimester",
					"course_no": "CE450",
					"title": "Computer Architecture I",
					"credit_attempted": 3,
					"credit_earned": 3,
					"grade": "C",
					"points": 6.00
				},
				{
					"trimester": "2015 Fall Trimester",
					"course_no": "CS440",
					"title": "Computer Networks I",
					"credit_attempted": 3,
					"credit_earned": 3,
					"grade": "B-",
					"points": 8.10
				}
			]
		},
		{
			"student_id": "1503012370",
			"student_name": "VIJAYKUMAR BUDDHI",
			"birth_date": "02/01/1986",
			"major": "MSCS",
			"degree": "Computer Engineering",
			"admission_date": "07/2010",
			"graduated_date": "5/2012",
			"courses": [{
					"trimester": "2008 Fall Trimester",
					"course_no": "CS500",
					"title": "Operating SYstem Design I",
					"credit_attempted": 3,
					"credit_earned": 3,
					"grade": "A-",
					"points": 11.10
				},
				{
					"trimester": "2009 Fall Trimester",
					"course_no": "CS516",
					"title": "Software Engineering",
					"credit_attempted": 3,
					"credit_earned": 3,
					"grade": "B-",
					"points": 8.10
				}
			]
		}
	]
}